{
 "cfg": {
  "RVecs": [
   [
    0.11673316962791239,
    0.3601208043968191,
    -0.26950222119616746,
    0.02940442654420108,
    0.16398962531777886
   ],
   [
    -0.014718971416320148,
    -0.04885574394989966,
    -0.015262624878014639,
    -0.0477862193075004,
    0.3567560679783586
   ],
   [
    -0.027384761201745735,
    -0.03257880056333435,
    -0.05228780320789488,
    -0.014970182696674533,
    -0.04412658323886156
   ]
  ],
  "TVecs": [
   [
    -50.86242226192582,
    -64.01131592011096,
    -56.01179479433358,
    -54.22271586445658,
    -79.83041417328356
   ],
   [
    -45.937428885917015,
    -31.672267519806987,
    -73.09591310539545,
    -51.902202578588245,
    -62.53778470474826
   ],
   [
    333.12148640767776,
    282.89356145256653,
    364.17729470334507,
    333.17606170260115,
    363.72059822668007
   ]
  ],
  "DistCoeff": [
   [
    -0.06535559393434447,
    -0.1143588794384711,
    0.00046200220050379937,
    -0.0005851113674115296,
    1.9224773004437847
   ]
  ],
  "CamPixelPitch": 0.00389,
  "CamAperture": 5.0,
  "cam.calibFile": "C:\\Program Files\\itom (x64)\\itom-packages\\dicgui\\distCalib_20180529_1108_calib.idc",
  "serport": 6,
  "rangeVals": [
   0.003,
   0.012,
   0.125,
   0.5
  ],
  "ranges": [
   2,
   2,
   2,
   2
  ],
  "bridges": [
   0,
   0,
   0,
   0
  ],
  "scales": [
   1.0,
   1.0,
   1.0,
   1.0
  ],
  "measTypes": [
   "Strain Gage",
   "Strain Gage",
   "Strain Gage",
   "Strain Gage"
  ],
  "freq": 1200,
  "samples": 32,
  "channels": [
   4,
   5
  ],
  "enableCam": true,
  "enableSpider": 1,
  "spiderDelay": 1,
  "camDelay": 10.0,
  "downloadImgs": false,
  "imgsPath": "",
  "frequency": 1200
 }
}
